source,brand,name,former_price,current_price,discount,product_link,page,discount_pct,savings,on_sale,sold_by_n_sites,scraped_at,collection_method
eyebuydirect,EyeBuyDirect,Algorithm,,43.0,,https://www.eyebuydirect.com/eyeglasses/frames/algorithm-gunmetal-l-18619,1,,,False,1,2026-09-24,Official public catalogue snapshot
eyebuydirect,EyeBuyDirect,Amity,,33.0,,https://www.eyebuydirect.com/eyeglasses/frames/amity-clear-s-29606,1,,,False,1,2026-09-24,Official public catalogue snapshot
eyebuydirect,EyeBuyDirect,Ashby,,33.0,,https://www.eyebuydirect.com/eyeglasses/frames/ashby-tortoise-l-23896,1,,,False,1,2026-09-24,Official public catalogue snapshot
eyebuydirect,EyeBuyDirect,Attitude,,66.0,,https://www.eyebuydirect.com/eyeglasses/frames/attitude-pink-ivory-tortoise-l-22407,1,,,False,1,2026-09-24,Official public catalogue snapshot
eyebuydirect,EyeBuyDirect,Aven,,46.0,,https://www.eyebuydirect.com/eyeglasses/frames/aven-tortoise-m-30082,1,,,False,1,2026-09-24,Official public catalogue snapshot
eyebuydirect,EyeBuyDirect,Botanist,,39.0,,https://www.eyebuydirect.com/eyeglasses/frames/botanist-gray-brown-m-19654,1,,,False,1,2026-09-24,Official public catalogue snapshot
eyebuydirect,EyeBuyDirect,Bristol,,23.0,,https://www.eyebuydirect.com/eyeglasses/frames/bristol-matte-black-l-13603,1,,,False,1,2026-09-24,Official public catalogue snapshot
eyebuydirect,EyeBuyDirect,Coexist,,26.0,,https://www.eyebuydirect.com/eyeglasses/frames/coexist-black-silver-m-15587,1,,,False,1,2026-09-24,Official public catalogue snapshot
eyebuydirect,EyeBuyDirect,Denny,,23.0,,https://www.eyebuydirect.com/eyeglasses/frames/denny-black-gray-m-15167,1,,,False,1,2026-09-24,Official public catalogue snapshot
eyebuydirect,EyeBuyDirect,Ember,,23.0,,https://www.eyebuydirect.com/eyeglasses/frames/ember-matte-black-l-18789,1,,,False,1,2026-09-24,Official public catalogue snapshot
eyebuydirect,EyeBuyDirect,Fame,,59.0,,https://www.eyebuydirect.com/eyeglasses/frames/fame-golden-l-20224,1,,,False,1,2026-09-24,Official public catalogue snapshot
eyebuydirect,EyeBuyDirect,Hepburn,,59.0,,https://www.eyebuydirect.com/eyeglasses/frames/hepburn-clear-blue-s-28098,1,,,False,1,2026-09-24,Official public catalogue snapshot
eyebuydirect,EyeBuyDirect,Little Bristol,,19.0,,https://www.eyebuydirect.com/eyeglasses/frames/little-bristol-black-s-19667,1,,,False,1,2026-09-24,Official public catalogue snapshot
eyebuydirect,EyeBuyDirect,November,,9.0,,https://www.eyebuydirect.com/eyeglasses/frames/november-matte-black-m-19161,1,,,False,1,2026-09-24,Official public catalogue snapshot
eyebuydirect,EyeBuyDirect,Octave,,53.0,,https://www.eyebuydirect.com/eyeglasses/frames/octave-golden-m-29714,1,,,False,1,2026-09-24,Official public catalogue snapshot
eyebuydirect,EyeBuyDirect,Pacific,,53.0,,https://www.eyebuydirect.com/eyeglasses/frames/pacific-black-m-28073,1,,,False,1,2026-09-24,Official public catalogue snapshot
eyebuydirect,EyeBuyDirect,Percy,,33.0,,https://www.eyebuydirect.com/eyeglasses/frames/percy-light-golden-m-19759,1,,,False,1,2026-09-24,Official public catalogue snapshot
eyebuydirect,EyeBuyDirect,Romy,,59.0,,https://www.eyebuydirect.com/eyeglasses/frames/romy-ivory-tortoise-m-27986,1,,,False,1,2026-09-24,Official public catalogue snapshot
eyebuydirect,EyeBuyDirect,Spencer,,33.0,,https://www.eyebuydirect.com/eyeglasses/frames/spencer-black-l-21053,1,,,False,1,2026-09-24,Official public catalogue snapshot
eyebuydirect,EyeBuyDirect,St Michel,,49.0,,https://www.eyebuydirect.com/eyeglasses/frames/st-michel-golden-s-19638,1,,,False,1,2026-09-24,Official public catalogue snapshot
eyebuydirect,EyeBuyDirect,Surrey,,49.0,,https://www.eyebuydirect.com/eyeglasses/frames/surrey-burgundy-m-23893,1,,,False,1,2026-09-24,Official public catalogue snapshot
eyebuydirect,EyeBuyDirect,Suze,,33.0,,https://www.eyebuydirect.com/eyeglasses/frames/suze-matte-black-xl-24858,1,,,False,1,2026-09-24,Official public catalogue snapshot
eyebuydirect,EyeBuyDirect,Time,,23.0,,https://www.eyebuydirect.com/eyeglasses/frames/time-black-m-17499,1,,,False,1,2026-09-24,Official public catalogue snapshot
eyebuydirect,EyeBuyDirect,Tower,,59.0,,https://www.eyebuydirect.com/eyeglasses/frames/tower-tortoise-l-20718,1,,,False,1,2026-09-24,Official public catalogue snapshot
eyebuydirect,EyeBuyDirect,Vinyl,,46.0,,https://www.eyebuydirect.com/eyeglasses/frames/vinyl-clear-light-brown-s-28109,1,,,False,1,2026-09-24,Official public catalogue snapshot
eyebuydirect,EyeBuyDirect,Wit,,33.0,,https://www.eyebuydirect.com/eyeglasses/frames/wit-black-m-20008,1,,,False,1,2026-09-24,Official public catalogue snapshot
eyebuydirect,Oakley,Holbrook Rx,,187.0,,https://www.eyebuydirect.com/eyeglasses/frames/oakley-holbrook-rx-satin-black-m-21168,1,,,False,2,2026-09-24,Official public catalogue snapshot
eyebuydirect,Ray-Ban,RB7047,,176.0,,https://www.eyebuydirect.com/eyeglasses/frames/ray-ban-rb7047-tortoise-brown-m-21267,1,,,False,2,2026-09-24,Official public catalogue snapshot
framesdirect,Armani Exchange,AX1017,138.0,96.6,30%,https://www.framesdirect.com/armani-exchange-ax1017-eyeglasses?color=10010967,2,30.0,41.4,True,1,2026-09-25T02:58:40+00:00,Selenium Grid
framesdirect,Burberry,BE2357,296.0,207.2,30%,https://www.framesdirect.com/burberry-be2357-eyeglasses?color=2,1,30.0,88.8,True,1,2026-09-25T02:58:40+00:00,Selenium Grid
framesdirect,Burberry,BE2408U,483.0,241.5,50%,https://www.framesdirect.com/burberry-be2408u-eyeglasses?color=3,1,50.0,241.5,True,1,2026-09-25T02:58:40+00:00,Selenium Grid
framesdirect,Costa,Ocean Ridge 700,,197.0,,https://www.framesdirect.com/costa-ocean-ridge-700-eyeglasses?color=2,1,,,False,1,2026-09-25T02:58:40+00:00,Selenium Grid
framesdirect,Costa,Ocean Ridge 820,,141.0,,https://www.framesdirect.com/costa-ocean-ridge-820-eyeglasses?color=2,2,,,False,1,2026-09-25T02:58:40+00:00,Selenium Grid
framesdirect,Gucci,GG1340O,305.0,259.25,15%,https://www.framesdirect.com/gucci-gg1340o-eyeglasses?color=4,1,15.0,45.75,True,1,2026-09-25T02:58:40+00:00,Selenium Grid
framesdirect,Kate Spade,KS Marnie 2/G,240.0,168.0,30%,https://www.framesdirect.com/kate-spade-ks-marnie-2-g-eyeglasses?color=2,2,30.0,72.0,True,1,2026-09-25T02:58:40+00:00,Selenium Grid
framesdirect,Michael Kors,MK4196U,161.0,112.7,30%,https://www.framesdirect.com/michael-kors-mk4196u-eyeglasses?color=10063691,2,30.0,48.3,True,1,2026-09-25T02:58:40+00:00,Selenium Grid
framesdirect,Oakley,Airdrop,,227.0,,https://www.framesdirect.com/oakley-airdrop-eyeglasses?color=1,1,,,False,1,2026-09-25T02:58:40+00:00,Selenium Grid
framesdirect,Oakley,Burrow,,442.0,,https://www.framesdirect.com/oakley-burrow-eyeglasses?color=1,2,,,False,1,2026-09-25T02:58:40+00:00,Selenium Grid
framesdirect,Oakley,Enigma Echo,,255.0,,https://www.framesdirect.com/oakley-enigma-echo-eyeglasses?color=10063035,1,,,False,1,2026-09-25T02:58:40+00:00,Selenium Grid
framesdirect,Oakley,Hex Jector (TruBridge),,187.0,,https://www.framesdirect.com/oakley-hex-jector-eyeglasses?color=4,2,,,False,1,2026-09-25T02:58:40+00:00,Selenium Grid
framesdirect,Oakley,Holbrook RX,,187.0,,https://www.framesdirect.com/oakley-holbrook-rx-eyeglasses?color=1,1,,,False,2,2026-09-25T02:58:40+00:00,Selenium Grid
framesdirect,Oakley,Overhead,,172.0,,https://www.framesdirect.com/oakley-ox8060-eyeglasses?color=1,2,,,False,1,2026-09-25T02:58:40+00:00,Selenium Grid
framesdirect,Oakley,Pitchman R,,255.0,,https://www.framesdirect.com/oakley-pitchman-r-eyeglasses?color=10059666,1,,,False,1,2026-09-25T02:58:40+00:00,Selenium Grid
framesdirect,Oakley,Plank 2.0,,187.0,,https://www.framesdirect.com/oakley-plank-2.0-eyeglasses?color=6,1,,,False,1,2026-09-25T02:58:40+00:00,Selenium Grid
framesdirect,Oakley,Socket 5.5,,227.0,,https://www.framesdirect.com/oakley-socket-5.5-eyeglasses?color=13,1,,,False,1,2026-09-25T02:58:40+00:00,Selenium Grid
framesdirect,Polo,PH2083,201.0,140.7,30%,https://www.framesdirect.com/polo-ph2083-eyeglasses?color=499297,1,30.0,60.3,True,1,2026-09-25T02:58:40+00:00,Selenium Grid
framesdirect,RALPH by Ralph Lauren,RA7158U,141.0,98.7,30%,https://www.framesdirect.com/ralph-by-ralph-lauren-ra7158u-eyeglasses?color=1,1,30.0,42.3,True,1,2026-09-25T02:58:40+00:00,Selenium Grid
framesdirect,RALPH by Ralph Lauren,RA7196U,157.0,109.9,30%,https://www.framesdirect.com/ralph-by-ralph-lauren-ra7196u-eyeglasses?color=10058340,2,30.0,47.1,True,1,2026-09-25T02:58:40+00:00,Selenium Grid
framesdirect,Ray-Ban,RB3447V Round Metal,,210.0,,https://www.framesdirect.com/ray-ban-rb3447v-round-metal-eyeglasses?color=10020477,2,,,False,1,2026-09-25T02:58:40+00:00,Selenium Grid
framesdirect,Ray-Ban,RB3792V,,195.0,,https://www.framesdirect.com/ray-ban-rb3792v-eyeglasses?color=10063052,2,,,False,1,2026-09-25T02:58:40+00:00,Selenium Grid
framesdirect,Ray-Ban,RB4340V Wayfarer Ease,210.0,147.0,30%,https://www.framesdirect.com/ray-ban-rb4340v-eyeglasses?color=10021732,2,30.0,63.0,True,1,2026-09-25T02:58:40+00:00,Selenium Grid
framesdirect,Ray-Ban,RB5154 Clubmaster,,222.0,,https://www.framesdirect.com/ray-ban-rb5154-clubmaster-eyeglasses?color=392445,1,,,False,1,2026-09-25T02:58:40+00:00,Selenium Grid
framesdirect,Ray-Ban,RB5397 - Elliot Optics,,210.0,,https://www.framesdirect.com/ray-ban-rb5397-elliot-optics-eyeglasses?color=1,1,,,False,1,2026-09-25T02:58:40+00:00,Selenium Grid
framesdirect,Ray-Ban,RB6335,,210.0,,https://www.framesdirect.com/ray-ban-rb6335-eyeglasses?color=10009371,2,,,False,1,2026-09-25T02:58:40+00:00,Selenium Grid
framesdirect,Ray-Ban,RB6396,210.0,105.0,50%,https://www.framesdirect.com/ray-ban-rb6396-eyeglasses?color=10020289,2,50.0,105.0,True,1,2026-09-25T02:58:40+00:00,Selenium Grid
framesdirect,Ray-Ban,RB6558,,186.0,,https://www.framesdirect.com/ray-ban-rb6558-eyeglasses?color=10063099,1,,,False,1,2026-09-25T02:58:40+00:00,Selenium Grid
framesdirect,Ray-Ban,RB7047,,176.0,,https://www.framesdirect.com/ray-ban-rb7047-eyeglasses?color=10007662,1,,,False,2,2026-09-25T02:58:40+00:00,Selenium Grid
framesdirect,Ray-Ban,RB7199,,249.0,,https://www.framesdirect.com/ray-ban-rb7199-eyeglasses?color=1,2,,,False,1,2026-09-25T02:58:40+00:00,Selenium Grid
framesdirect,Ray-Ban Meta (Gen 3),Meta Aviator Transitions®,,529.0,,https://www.framesdirect.com/ray-ban-meta-gen-3-meta-aviator-eyeglasses?color=1,1,,,False,1,2026-09-25T02:58:40+00:00,Selenium Grid
framesdirect,Ray-Ban Meta (Gen 3),Meta Wayfarer Transitions®,,449.0,,https://www.framesdirect.com/ray-ban-meta-gen-3-meta-wayfarer-eyeglasses?color=5,1,,,False,1,2026-09-25T02:58:40+00:00,Selenium Grid
framesdirect,Ray-Ban Meta (Gen 3),Meta Zena Optics,,449.0,,https://www.framesdirect.com/ray-ban-meta-gen-3-meta-zena-optics-eyeglasses?color=1,1,,,False,1,2026-09-25T02:58:40+00:00,Selenium Grid
framesdirect,Swarovski,SK2001,276.0,138.0,50%,https://www.framesdirect.com/swarovski-sk2001-eyeglasses?color=1,1,50.0,138.0,True,1,2026-09-25T02:58:40+00:00,Selenium Grid
framesdirect,Tiffany & Co.,TF2303U,371.0,259.7,30%,https://www.framesdirect.com/tiffany-co.-tf2303u-eyeglasses?color=10063846,1,30.0,111.3,True,1,2026-09-25T02:58:40+00:00,Selenium Grid
framesdirect,Versace,VE1274,298.0,208.6,30%,https://www.framesdirect.com/versace-ve1274-eyeglasses?color=10051376,2,30.0,89.4,True,1,2026-09-25T02:58:40+00:00,Selenium Grid
framesdirect,Versace,VE1285,300.0,210.0,30%,https://www.framesdirect.com/versace-ve1285-eyeglasses?color=3,2,30.0,90.0,True,1,2026-09-25T02:58:40+00:00,Selenium Grid
framesdirect,Versace,VE1295,376.0,188.0,50%,https://www.framesdirect.com/versace-ve1295-eyeglasses?color=1,1,50.0,188.0,True,1,2026-09-25T02:58:40+00:00,Selenium Grid
framesdirect,Versace,VE1324D,316.0,221.2,30%,https://www.framesdirect.com/versace-ve1324d-eyeglasses?color=10063410,2,30.0,94.8,True,1,2026-09-25T02:58:40+00:00,Selenium Grid
framesdirect,Versace,VE1325D,316.0,221.2,30%,https://www.framesdirect.com/versace-ve1325d-eyeglasses?color=10063413,2,30.0,94.8,True,1,2026-09-25T02:58:40+00:00,Selenium Grid
framesdirect,Versace,VE1326,406.0,284.2,30%,https://www.framesdirect.com/versace-ve1326-eyeglasses?color=10063416,2,30.0,121.8,True,1,2026-09-25T02:58:40+00:00,Selenium Grid
framesdirect,Versace,VE3186,286.0,200.2,30%,https://www.framesdirect.com/versace-ve3186-eyeglasses?color=10000262,1,30.0,85.8,True,1,2026-09-25T02:58:40+00:00,Selenium Grid
framesdirect,Versace,VE3397U,286.0,200.2,30%,https://www.framesdirect.com/versace-ve3397u-eyeglasses?color=10063428,2,30.0,85.8,True,1,2026-09-25T02:58:40+00:00,Selenium Grid
framesdirect,Versace,VE3398,286.0,200.2,30%,https://www.framesdirect.com/versace-ve3398-eyeglasses?color=10063435,2,30.0,85.8,True,1,2026-09-25T02:58:40+00:00,Selenium Grid
framesdirect,Versace,VE3398F,286.0,200.2,30%,https://www.framesdirect.com/versace-ve3398f-eyeglasses?color=3,2,30.0,85.8,True,1,2026-09-25T02:58:40+00:00,Selenium Grid
framesdirect,Versace,VE3399U,286.0,200.2,30%,https://www.framesdirect.com/versace-ve3399u-eyeglasses?color=3,2,30.0,85.8,True,1,2026-09-25T02:58:40+00:00,Selenium Grid
framesdirect,Versace,VE3404D,286.0,200.2,30%,https://www.framesdirect.com/versace-ve3404d-eyeglasses?color=3,2,30.0,85.8,True,1,2026-09-25T02:58:40+00:00,Selenium Grid
framesdirect,XXL,Tuga,197.38,98.69,50%,https://www.framesdirect.com/xxl-tuga-eyeglasses?color=3,1,50.0,98.69,True,1,2026-09-25T02:58:40+00:00,Selenium Grid
